{"cameraMode":{"drawMode":0,"name":"Shaded","section":"Shading Mode"},"sceneLighting":true,"audioPlay":false,"sceneViewState":{"m_AlwaysRefresh":false,"showFog":true,"showSkybox":true,"showFlares":true,"showImageEffects":true,"showParticleSystems":true,"showVisualEffectGraphs":true,"m_FxEnabled":true},"in2DMode":false,"pivot":{"x":0.20673274993896485,"y":0.5883040428161621,"z":-0.06340229511260987},"rotation":{"x":0.1741810292005539,"y":-0.6293612718582153,"z":0.1475757658481598,"w":0.7428238987922669},"size":6.517270088195801,"orthographic":false}